timeline,survival_probability
0.0,1.0
0.1863013698630137,0.7500000000000001
1.515068493150685,0.25
1.9095890410958904,0.0
