timeline,survival_probability
0.0,1.0
0.021917808219178082,0.6666666666666666
0.336986301369863,0.3333333333333333
1.515068493150685,0.0
