timeline,survival_probability
0.0,1.0
0.336986301369863,0.5
1.515068493150685,0.0
