timeline,survival_probability
0.0,1.0
0.021917808219178082,0.8571428571428572
0.29863013698630136,0.7142857142857143
0.336986301369863,0.5714285714285714
0.5780821917808219,0.42857142857142866
0.6164383561643836,0.2857142857142857
0.673972602739726,0.14285714285714285
1.515068493150685,0.0
