timeline,survival_probability
0.0,1.0
0.1863013698630137,0.8
0.5232876712328767,0.6000000000000001
0.7835616438356164,0.4
1.515068493150685,0.2
3.128767123287671,0.0
