timeline,survival_probability
0.0,1.0
0.29863013698630136,0.9375000000000001
0.336986301369863,0.8749999999999999
0.3835616438356164,0.8125000000000001
0.6164383561643836,0.7500000000000001
0.673972602739726,0.6875000000000001
0.8849315068493151,0.6250000000000002
1.3534246575342466,0.5625000000000001
1.515068493150685,0.4375
1.841095890410959,0.375
2.4136986301369863,0.3125
2.684931506849315,0.25
2.7150684931506848,0.18750000000000003
6.134246575342465,0.18750000000000003
