timeline,survival_probability
0.0,1.0
0.021917808219178082,0.8750000000000001
0.1863013698630137,0.7500000000000001
0.9424657534246575,0.625
1.3534246575342466,0.5000000000000001
1.515068493150685,0.25000000000000006
1.9095890410958904,0.12500000000000003
1.9589041095890412,0.0
