timeline,survival_probability
0.0,1.0
0.5780821917808219,0.6666666666666666
0.6164383561643836,0.3333333333333333
1.515068493150685,0.0
