timeline,survival_probability
0.0,1.0
0.336986301369863,0.8
0.5780821917808219,0.6000000000000001
0.6164383561643836,0.4
0.673972602739726,0.2
6.134246575342465,0.2
