timeline,survival_probability
0.0,1.0
0.5780821917808219,0.8888888888888886
0.736986301369863,0.7777777777777776
1.515068493150685,0.6666666666666665
2.0657534246575344,0.5555555555555554
2.5013698630136987,0.44444444444444436
2.684931506849315,0.3333333333333333
6.134246575342465,0.3333333333333333
