timeline,survival_probability
0.0,1.0
0.3232876712328767,0.9166666666666667
0.4821917808219178,0.8333333333333335
0.5205479452054794,0.7500000000000001
0.6602739726027397,0.6666666666666665
0.7013698630136986,0.5833333333333333
0.8356164383561644,0.49999999999999994
1.0767123287671232,0.41666666666666663
1.178082191780822,0.3333333333333333
1.2465753424657535,0.25
1.9808219178082191,0.16666666666666669
2.835616438356164,0.08333333333333333
6.134246575342465,0.08333333333333333
