timeline,survival_probability
0.0,1.0
0.0547945205479452,0.9090909090909092
0.5780821917808219,0.8181818181818182
0.7643835616438356,0.7272727272727271
1.3342465753424657,0.6363636363636362
1.632876712328767,0.5454545454545454
1.9205479452054794,0.4545454545454544
2.221917808219178,0.3636363636363636
2.4136986301369863,0.2727272727272727
2.835616438356164,0.18181818181818182
6.134246575342465,0.18181818181818182
