timeline,survival_probability
0.0,1.0
0.3835616438356164,0.8333333333333333
0.9178082191780822,0.6666666666666666
1.8575342465753424,0.5000000000000001
1.9095890410958904,0.33333333333333337
6.134246575342465,0.33333333333333337
