timeline,survival_probability
0.0,1.0
0.0027397260273972603,0.8333333333333333
0.44931506849315067,0.6666666666666666
0.673972602739726,0.5000000000000001
0.7561643835616438,0.33333333333333337
2.5013698630136987,0.16666666666666669
6.134246575342465,0.16666666666666669
