timeline,survival_probability
0.0,1.0
0.3917808219178082,0.9
0.6602739726027397,0.7999999999999997
0.736986301369863,0.6999999999999998
1.6273972602739726,0.5999999999999999
1.632876712328767,0.49999999999999983
1.9095890410958904,0.3999999999999999
2.221917808219178,0.3
2.232876712328767,0.19999999999999998
6.134246575342465,0.19999999999999998
