timeline,survival_probability
0.0,1.0
0.1863013698630137,0.7500000000000001
0.6657534246575343,0.5
1.9095890410958904,0.25
6.134246575342465,0.25
