timeline,survival_probability
0.0,1.0
0.021917808219178082,0.8333333333333333
0.1863013698630137,0.6666666666666666
0.44931506849315067,0.5000000000000001
1.9095890410958904,0.33333333333333337
6.134246575342465,0.33333333333333337
