timeline,survival_probability
0.0,1.0
0.336986301369863,0.7500000000000001
0.5780821917808219,0.5
0.6164383561643836,0.25
0.673972602739726,0.0
