timeline,survival_probability
0.0,1.0
0.3917808219178082,0.8750000000000001
0.6602739726027397,0.7500000000000001
0.736986301369863,0.625
1.6273972602739726,0.5000000000000001
1.632876712328767,0.3750000000000001
1.9095890410958904,0.25000000000000006
2.221917808219178,0.12500000000000003
2.232876712328767,0.0
