timeline,survival_probability
0.0,1.0
0.0547945205479452,0.8888888888888886
0.5780821917808219,0.7777777777777776
0.7643835616438356,0.6666666666666665
1.3342465753424657,0.5555555555555554
1.632876712328767,0.44444444444444436
1.9205479452054794,0.3333333333333333
2.221917808219178,0.2222222222222222
2.4136986301369863,0.11111111111111109
2.835616438356164,0.0
