timeline,survival_probability
0.0,1.0
0.3232876712328767,0.9090909090909092
0.4821917808219178,0.8181818181818182
0.5205479452054794,0.7272727272727271
0.6602739726027397,0.6363636363636362
0.7013698630136986,0.5454545454545454
0.8356164383561644,0.4545454545454544
1.0767123287671232,0.3636363636363636
1.178082191780822,0.2727272727272727
1.2465753424657535,0.18181818181818182
1.9808219178082191,0.0909090909090909
2.835616438356164,0.0
