timeline,survival_probability
0.0,1.0
0.021917808219178082,0.7500000000000001
0.1863013698630137,0.5
0.44931506849315067,0.25
1.9095890410958904,0.0
