timeline,survival_probability
0.0,1.0
0.3835616438356164,0.7500000000000001
0.9178082191780822,0.5
1.8575342465753424,0.25
1.9095890410958904,0.0
