timeline,survival_probability
0.0,1.0
0.673972602739726,0.5
2.758904109589041,0.0
