timeline,survival_probability
0.0,1.0
1.9095890410958904,0.5
2.758904109589041,0.0
