timeline,survival_probability
0.0,1.0
0.1863013698630137,0.6666666666666666
0.6657534246575343,0.3333333333333333
1.9095890410958904,0.0
