timeline,survival_probability
0.0,1.0
0.0027397260273972603,0.8
0.44931506849315067,0.6000000000000001
0.673972602739726,0.4
0.7561643835616438,0.2
2.5013698630136987,0.0
