timeline,survival_probability
0.0,1.0
0.5780821917808219,0.8333333333333333
0.736986301369863,0.6666666666666666
1.515068493150685,0.5000000000000001
2.0657534246575344,0.33333333333333337
2.5013698630136987,0.16666666666666669
2.684931506849315,0.0
